[
    {
        "mopedId": 6,
        "name": "Daddy 1",
        "modelYear": 2012,
        "topspeed": 20,
        "itemsInStock": 150
    },
    {
        "mopedId": 7,
        "name": "Grampa 89",
        "modelYear": 2005,
        "topspeed": 5,
        "itemsInStock": 100
    },
    {
        "mopedId": 5,
        "name": "Skooter 95",
        "modelYear": 2017,
        "topspeed": 30,
        "itemsInStock": 70
    },
    {
        "mopedId": 4,
        "name": "MotoX 2000",
        "modelYear": 2000,
        "topspeed": 25,
        "itemsInStock": 350
    },
    {
        "mopedId": 2,
        "name": "Xross 3",
        "modelYear": 2011,
        "topspeed": 15,
        "itemsInStock": 50
    },
    {
        "mopedId": 3,
        "name": "Mummy 10",
        "modelYear": 2015,
        "topspeed": 10,
        "itemsInStock": 130
    },
    {
        "mopedId": 1,
        "name": "MaxNoise 120",
        "modelYear": 1995,
        "topspeed": 40,
        "itemsInStock": 30
    }
]